SNo,Country,"July 1, 2013",% of,Rank,Average,Average,Estimated,Alternative,Date
,(or dependent territory),projection,pop.,,relative,absolute,doubling,figure,
,,,,,annual,annual,time,,
,,,,,growth,growth,(Years),,
,,,,,(%),,,,
1,Australia,"2,31,05,000",60.57,1,1.75,"3,97,000",40,"2,29,06,400","December 31, 2012"
2,Papua New Guinea,"74,61,000",19.56,2,2.84,"2,06,000",25,"70,59,653","July 10, 2011"
3,New Zealand,"44,62,000",11.7,3,0.61,"27,000",114,"44,83,100","January 27, 2014"
4,Fiji,"8,62,000",2.26,4,0.47,"4,000",149,"8,58,038","July 1, 2012"
5,Solomon Islands,"5,61,000",1.47,5,2.37,"13,000",30,"5,15,870","November 23, 2009"
6,French Polynesia (France),"2,70,000",0.71,6,0.75,"2,000",93,"2,68,270","August 22, 2012"
7,Vanuatu,"2,65,000",0.69,7,2.71,"7,000",26,"2,64,652","July 1, 2013"
8,New Caledonia (France),"2,59,000",0.68,8,1.17,"3,000",59,"2,58,958","July 1, 2013"
9,Samoa,"1,90,000",0.5,9,0.53,"1,000",131,"1,87,820","November 7, 2011"
10,Guam (US),"1,61,000",0.42,10,0.63,"1,000",111,"1,59,358","April 1, 2010"
11,Kiribati,"1,06,000",0.28,11,0.95,"1,000",73,"1,06,461","July 1, 2013"
12,Tonga,"1,04,000",0.27,12,0,0,-,"1,03,036","November 30, 2011"
13,Federated States of Micronesia,"1,01,000",0.26,13,-0.98,"-1,000",-,"1,01,351","July 1, 2013"
14,Marshall Islands,"56,000",0.15,14,1.82,"1,000",38,"56,086","July 1, 2013"
15,American Samoa (US),"55,000",0.14,15,0,0,-,"55,519","April 1, 2010"
16,Northern Mariana Islands (US),"50,000",0.13,16,-1.96,"-1,000",-,"53,883","April 1, 2010"
17,Palau,"21,000",0.06,17,0,0,-,"20,901","July 1, 2013"
18,Cook Islands (NZ),"15,000",0.04,18,0,0,-,"14,974","December 1, 2011"
19,Wallis and Futuna (France),"13,000",0.03,19,0,0,-,"13,135","July 1, 2013"
20,Tuvalu,"11,000",0.03,20,0,0,-,"11,323","July 1, 2013"
21,Nauru,"10,000",0.03,21,0,0,-,"9,945","October 30, 2011"
22,Norfolk Island (Australia),"2,000",0.01,22,0,0,-,"2,302","August 9, 2011"
23,Niue (NZ),"2,000",0.01,23,0,0,-,"1,613","September 10, 2011"
24,Tokelau (NZ),"1,000",0,24,0,0,-,"1,411","October 18, 2011"
25,Pitcairn Islands (UK),70,0,25,0,0,-,66,2008
,Total,"3,81,43,070",100,,1.76,"6,61,000",40,,
,,,,,,,,,
For other more formats kindly visit www.downloadexcelfiles.com,,,,,,,,,
,,,,,,,,,
Original source : en.wikipedia.org/wiki/List_of_Oceanian_countries_by_population,,,,,,,,,
