SNo,English short and formal names,Capital,Population,Area
1,Afghanistan,Kabul,"3,04,19,928","652,230 km2 (251,827 sq mi)"
,,,,
,Islamic Republic of Afghanistan,,,
2,Armenia,Yerevan,"29,70,495","29,743 km2 (11,484 sq mi)"
,,,,
,Republic of Armenia,,,
3,Azerbaijan,Baku,"94,93,600","86,600 km2 (33,436 sq mi)"
,,,,
,Republic of Azerbaijan,,,
4,Bahrain,Manama,"12,48,348",760 km2 (293 sq mi)
,,,,
,Kingdom of Bahrain,,,
5,Bangladesh,Dhaka,"16,10,83,804","143,998 km2 (55,598 sq mi)"
,,,,
,People's Republic of Bangladesh,,,
6,Bhutan,Thimphu,"7,16,896","38,394 km2 (14,824 sq mi)"
,,,,
,Kingdom of Bhutan,,,
7,Brunei,Bandar Seri Begawan,"4,08,786","5,765 km2 (2,226 sq mi)"
,,,,
,Brunei Darussalam,English: Bandar Seri Begawan,,
8,Cambodia,Phnom Penh,"1,49,52,665","181,035 km2 (69,898 sq mi)"
,,,,
,Kingdom of Cambodia,,,
9,China,Beijing,"1,34,32,39,923","9,596,961 km2 (3,705,407 sq mi)"
,,,,
,People's Republic of China,,,
10,Cyprus,Nicosia,"11,38,071","9,251 km2 (3,572 sq mi)"
,,,,
,Republic of Cyprus,,,
11,Georgia,Tbilisi / T'bilisi,"45,70,934","69,700 km2 (26,911 sq mi)"
12,India,New Delhi,"1,20,50,73,612","3,287,263 km2 (1,269,219 sq mi)"
,,,,
,Republic of India,,,
13,Indonesia,Jakarta,"24,86,45,008","1,904,569 km2 (735,358 sq mi)"
,,,,
,Republic of Indonesia,,,
14,Iran,Tehran,"7,88,68,711","1,648,195 km2 (636,372 sq mi)"
,,,,
,Islamic Republic of Iran,,,
15,Iraq,Baghdad,"3,11,29,225","438,317 km2 (169,235 sq mi)"
,,,,
,Republic of Iraq,,,
16,Israel,Jerusalem (Claimed),"75,90,758","20,770 km2 (8,019 sq mi)"
,,,,
,State of Israel,,,
17,Japan,Tokyo,"12,73,68,088","377,915 km2 (145,914 sq mi)"
18,Jordan,Amman,"65,08,887","89,342 km2 (34,495 sq mi)"
,,,,
,Hashemite Kingdom of Jordan,,,
19,Kazakhstan,Astana Kazakh: ??????,"1,75,22,010","2,724,900 km2 (1,052,090 sq mi)"
,,,,
,Republic of Kazakhstan,,,
20,"Korea,",Pyongyang,"2,45,89,122","120,538 km2 (46,540 sq mi)"
,,,,
,North Democratic People's Republic of Korea,,,
21,"Korea,",Seoul,"4,88,60,500","99,720 km2 (38,502 sq mi)"
,,,,
,South Republic of Korea,,,
22,Kuwait,Kuwait City,"26,46,314","17,818 km2 (6,880 sq mi)"
,,,,
,State of Kuwait,,,
23,Kyrgyzstan,Bishkek,"54,96,737","199,951 km2 (77,202 sq mi)"
,,,,
,Kyrgyz Republic,,,
24,Laos,Vientiane,"65,86,266","236,800 km2 (91,429 sq mi)"
,,,,
,Lao People's Democratic Republic,,,
25,Lebanon Lebanese Republic,Beirut,"41,40,289","10,400 km2 (4,015 sq mi)"
26,Malaysia,Kuala Lumpur,"2,91,79,952","329,847 km2 (127,355 sq mi)"
27,Maldives,Male / Male,"3,94,451",298 km2 (115 sq mi)
,,,,
,Republic of Maldives,,,
28,Mongolia,Ulaanbaatar,"31,79,997","1,564,116 km2 (603,909 sq mi)"
29,Myanmar,Nay Pyi Taw,"5,45,84,650","676,578 km2 (261,228 sq mi)"
,,,,
,Republic of The Union of Myanmar,,,
30,Nepal,Kathmandu,"2,98,90,686","147,181 km2 (56,827 sq mi)"
,,,,
,Federal Democratic Republic of Nepal,,,
31,Oman,Muscat,"30,90,150","309,500 km2 (119,499 sq mi)"
,,,,
,Sultanate of Oman,,,
32,Pakistan,Islamabad,"19,02,91,129","796,095 km2 (307,374 sq mi)"
,,,,
,Islamic Republic of Pakistan,,,
33,Palestine,Jerusalem (claimed),"42,25,710","6,220 km2 (2,402 sq mi)"
,,,,
,State of Palestine,,,
34,Philippines,Manila,"10,37,75,002","300,000 km2 (115,831 sq mi)"
,,,,
,Republic of the Philippines,,,
35,Qatar,Doha,"19,51,591","11,586 km2 (4,473 sq mi)"
,,,,
,State of Qatar,,,
36,Russia,Moscow,"14,25,17,670","17,098,242 km2 (6,601,668 sq mi)"
,,,,
,Russian Federation,,,
37,Saudi Arabia,Riyadh,"2,65,34,504","2,149,690 km2 (830,000 sq mi)"
,,,,
,Kingdom of Saudi Arabia,,,
38,Singapore,Singapore,"53,53,494",697 km2 (269 sq mi)
,,,,
,Republic of Singapore,,,
39,Sri Lanka,Sri Jayawardenapura Kotte,"2,14,81,334","65,610 km2 (25,332 sq mi)"
,,,,
,Democratic Socialist Republic of Sri Lanka,,,
40,Syria,Damascus,"2,25,30,746","185,180 km2 (71,498 sq mi)"
,,,,
,Syrian Arab Republic,,,
41,Tajikistan,Dushanbe,"77,68,385","143,100 km2 (55,251 sq mi)"
,,,,
,Republic of Tajikistan,,,
42,Thailand,Bangkok,"6,70,91,089","513,120 km2 (198,117 sq mi)"
,,,,
,Kingdom of Thailand,,,
43,Timor-Leste/East Timor,Dili,"11,43,667","14,874 km2 (5,743 sq mi)"
,,,,
,Democratic Republic of Timor-Leste,,,
44,Turkey,Ankara,"7,97,49,461","783,562 km2 (302,535 sq mi)"
,,,,
,Republic of Turkey,,,
45,Tur kmenistan,Ashgabat,"50,54,828","488,100 km2 (188,456 sq mi)"
46,United Arab Emirates,Abu Dhabi,"53,14,317","83,600 km2 (32,278 sq mi)"
47,Uzbekistan,Tashkent,"2,83,94,180","447,400 km2 (172,742 sq mi)"
,,,,
,Republic of Uzbekistan,,,
48,Vietnam / Viet Nam,Hanoi,"9,15,19,289","331,210 km2 (127,881 sq mi)"
,,,,
,Socialist Republic of Vietnam,,,
49,Yemen,Sanaa,"2,47,71,809","527,968 km2 (203,850 sq mi)"
,,,,
,Republic of Yemen,,,
,,,,
For other more formats kindly visit www.downloadexcelfiles.com,,,,
,,,,
Original source : en.wikipedia.org/wiki/List_of_sovereign_states_and_dependent_territories_in_Asia,,,,
